{
    "theta": [
        3443999999.998786,
        1922967859.886512,
        699252452.9397621,
        0.02748682735904053,
        0.004580848786851357
    ],
    "least_squares_value": 3.4246166189697724e+16
}